scoring_mode,slot,player_name,team,total_pts,games_played,pts_per_game,slot_rank
full_ppr,DEF,HOU D/ST,HOU,194.0,17,11.41,1
full_ppr,DEF,SEA D/ST,SEA,180.0,17,10.59,2
full_ppr,DEF,CLE D/ST,CLE,166.0,17,9.76,3
full_ppr,DEF,MIN D/ST,MIN,158.0,17,9.29,4
full_ppr,DEF,DEN D/ST,DEN,156.0,17,9.18,5
full_ppr,K,Jason Myers,SEA,200.0,17,11.76,1
full_ppr,QB,Josh Allen,BUF,356.62,17,20.98,1
full_ppr,QB,Matthew Stafford,LAR,342.38,17,20.14,2
full_ppr,QB,Drake Maye,NE,341.96,17,20.12,3
full_ppr,QB,Trevor Lawrence,JAX,334.18,17,19.66,4
full_ppr,QB,Dak Prescott,DAL,305.78,17,17.99,5
full_ppr,QB,Caleb Williams,CHI,304.18,17,17.89,6
full_ppr,QB,Bo Nix,DEN,300.84,17,17.7,7
full_ppr,QB,Jared Goff,DET,295.06,17,17.36,8
full_ppr,QB,Jalen Hurts,PHI,291.06,17,17.12,9
full_ppr,QB,Patrick Mahomes,KC,279.68,17,16.45,10
full_ppr,RB,Christian McCaffrey,SF,412.6,17,24.27,1
full_ppr,RB,Bijan Robinson,ATL,368.8,17,21.69,2
full_ppr,RB,Jahmyr Gibbs,DET,364.9,17,21.46,3
full_ppr,RB,Jonathan Taylor,IND,360.3,17,21.19,4
full_ppr,RB,De'Von Achane,MIA,320.8,17,18.87,5
full_ppr,RB,James Cook,BUF,296.2,17,17.42,6
full_ppr,RB,Chase Brown,CIN,278.6,17,16.39,7
full_ppr,RB,Derrick Henry,BAL,277.5,17,16.32,8
full_ppr,RB,Kyren Williams,LAR,263.3,17,15.49,9
full_ppr,RB,Travis Etienne,JAX,251.9,17,14.82,10
full_ppr,RB,Ashton Jeanty,LV,243.1,17,14.3,11
full_ppr,RB,Javonte Williams,DAL,242.8,17,14.28,12
full_ppr,RB,Josh Jacobs,GB,235.1,17,13.83,13
full_ppr,RB,Saquon Barkley,PHI,232.3,17,13.66,14
full_ppr,RB,D'Andre Swift,CHI,228.6,17,13.45,15
full_ppr,RB,Kenneth Gainwell,PIT,219.3,17,12.9,16
full_ppr,RB,Jaylen Warren,PIT,215.1,17,12.65,17
full_ppr,RB,Rico Dowdle,CAR,214.3,17,12.61,18
full_ppr,RB,Breece Hall,NYJ,207.66,17,12.22,19
full_ppr,RB,RJ Harvey,DEN,206.6,17,12.15,20
full_ppr,RB,TreVeyon Henderson,NE,206.2,17,12.13,21
full_ppr,RB,Kenneth Walker III,SEA,189.9,17,11.17,22
full_ppr,RB,Tony Pollard,TEN,183.8,17,10.81,23
full_ppr,RB,Zach Charbonnet,SEA,181.4,17,10.67,24
full_ppr,RB,Rhamondre Stevenson,NE,178.8,17,10.52,25
full_ppr,TE,Trey McBride,ARI,315.9,17,18.58,1
full_ppr,TE,Kyle Pitts,ATL,210.8,17,12.4,2
full_ppr,TE,Travis Kelce,KC,191.2,17,11.25,3
full_ppr,TE,Tyler Warren,IND,186.5,17,10.97,4
full_ppr,TE,Harold Fannin Jr.,CLE,186.4,17,10.96,5
full_ppr,TE,Jake Ferguson,DAL,186.1,17,10.95,6
full_ppr,TE,Dallas Goedert,PHI,185.1,17,10.89,7
full_ppr,TE,Juwan Johnson,NO,179.9,17,10.58,8
full_ppr,TE,Hunter Henry,NE,178.8,17,10.52,9
full_ppr,TE,Brock Bowers,LV,176.2,17,10.36,10
full_ppr,TE,Dalton Schultz,HOU,175.7,17,10.34,11
full_ppr,TE,Colston Loveland,CHI,165.1,17,9.71,12
full_ppr,TE,George Kittle,SF,161.5,17,9.5,13
full_ppr,TE,AJ Barner,SEA,143.3,17,8.43,14
full_ppr,TE,Oronde Gadsden II,LAC,131.4,17,7.73,15
full_ppr,TE,Colby Parkinson,LAR,129.8,17,7.64,16
full_ppr,TE,Mark Andrews,BAL,129.0,17,7.59,17
full_ppr,TE,Theo Johnson,NYG,127.8,17,7.52,18
full_ppr,TE,Zach Ertz,WAS,124.4,17,7.32,19
full_ppr,TE,Dalton Kincaid,BUF,124.1,17,7.3,20
full_ppr,TE,Chig Okonkwo,TEN,124.0,17,7.29,21
full_ppr,TE,Cade Otton,TB,122.2,17,7.19,22
full_ppr,TE,Brenton Strange,JAX,118.0,17,6.94,23
full_ppr,TE,Tucker Kraft,GB,117.2,17,6.89,24
full_ppr,TE,Pat Freiermuth,PIT,113.6,17,6.68,25
full_ppr,WR,Puka Nacua,LAR,375.0,17,22.06,1
full_ppr,WR,Jaxon Smith-Njigba,SEA,355.9,17,20.94,2
full_ppr,WR,Amon-Ra St. Brown,DET,322.0,17,18.94,3
full_ppr,WR,Ja'Marr Chase,CIN,313.6,17,18.45,4
full_ppr,WR,George Pickens,DAL,283.9,17,16.7,5
full_ppr,WR,Chris Olave,NO,268.0,17,15.76,6
full_ppr,WR,Zay Flowers,BAL,243.3,17,14.31,7
full_ppr,WR,Nico Collins,HOU,226.2,17,13.31,8
full_ppr,WR,Davante Adams,LAR,222.9,17,13.11,9
full_ppr,WR,Michael Wilson,ARI,220.6,17,12.98,10
full_ppr,WR,A.J. Brown,PHI,220.3,17,12.96,11
full_ppr,WR,Jameson Williams,DET,219.9,17,12.94,12
full_ppr,WR,Courtland Sutton,DEN,219.7,17,12.92,13
full_ppr,WR,Wan'Dale Robinson,NYG,215.9,17,12.7,14
full_ppr,WR,Tee Higgins,CIN,211.6,17,12.45,15
full_ppr,WR,Tetairoa McMillan,CAR,211.4,17,12.44,16
full_ppr,WR,Stefon Diggs,NE,210.3,17,12.37,17
full_ppr,WR,Michael Pittman,IND,202.4,17,11.91,18
full_ppr,WR,Drake London,ATL,201.9,17,11.88,19
full_ppr,WR,DeVonta Smith,PHI,201.8,17,11.87,20
full_ppr,WR,Justin Jefferson,MIN,201.5,17,11.85,21
full_ppr,WR,CeeDee Lamb,DAL,200.9,17,11.82,22
full_ppr,WR,Emeka Egbuka,TB,195.7,17,11.51,23
full_ppr,WR,Jaylen Waddle,MIA,192.12,17,11.3,24
full_ppr,WR,DK Metcalf,PIT,187.2,17,11.01,25
